Green,Green,2023-09-23T10:58:30
Green,Red,2023-09-24T18:58:30
Green,Red,2023-09-24T18:59:30
Green,Red,2023-09-24T19:02:30
Red,Red,2021-03-25T11:58:30
Green,Red,2023-09-24T19:08:30
Green,Red,2023-09-24T19:10:30
Green,Red,2023-09-25T19:10:30
Green,Red,2023-09-26T19:10:30
Green,Red,2023-09-25T19:10:30
Green,Red,2023-09-26T19:10:30
Green,Red,2023-09-25T19:10:30
Green,Red,2023-09-26T19:10:30
Green,Red,2023-09-25T19:10:30
Green,Red,2023-09-26T19:10:30
Green,Red,2023-09-25T19:10:30
Green,Red,2023-09-26T19:10:30
Green,Red,2023-09-27T19:10:30
Green,Red,2023-09-28T19:10:30
Green,Red,2023-09-27T19:10:30
Green,Red,2023-09-28T19:10:30
Green,Red,2023-09-27T19:10:30
Green,Red,2023-09-28T19:10:30
Green,Red,2023-09-27T19:10:30
Green,Red,2023-09-28T19:10:30
Green,Red,2023-09-27T19:10:30
Green,Red,2023-09-28T19:10:30
Green,Red,2023-09-29T19:10:30
Green,Red,2023-09-30T19:10:30
Green,Red,2023-09-29T19:10:30
Green,Red,2023-09-30T19:10:30
Green,Red,2023-09-29T19:10:30
Green,Red,2023-09-30T19:10:30
Green,  Green,2023-09-29T19:10:30
Green,Green,2023-09-30T19:10:30